Diff_type,LRG_start,LRG_end,Geno_coord_start,Geno_coord_end,LRG_allele,Ref_allele
mismatch,2600,2600,43215382,43215382,G,A
mismatch,5792,5792,43212190,43212190,C,T
mismatch,10412,10412,43207570,43207570,G,A
mismatch,12846,12846,43205136,43205136,T,C
lrg_ins,13169,13170,43204813,43204814,TT,-
other_ins,15459,15460,43202524,43202524,-,T
lrg_ins,15804,15804,43202179,43202180,T,-
mismatch,16533,16533,43201451,43201451,C,T
mismatch,16890,16890,43201094,43201094,C,G
mismatch,62516,62516,43155468,43155468,T,G
